model,length_count,length_rate,stop_count,mean_output_tokens,p95_output_tokens,post_eot_text_count,missed_moves,prediction_file_sha256
270m-base-bf16,2756,0.2791734197730956,7116,177.97609400324149,512.0,0,316054,850607e05f86e27f37a697522592f3168fb32269b38344cd1f28d45776e92fe3
270m-base-fp8,146,0.01478930307941653,9726,36.822427066450565,79.0,0,316725,5d5e94019b21718c8d8e066ca48315dec886dd15345bec2551f60736db8bc4f2
270m-base-nvfp4,1829,0.1852714748784441,8043,136.14839951377633,512.0,0,317596,1a4a9c92e3b06a5f78c418a59cfe8a74e7fbc030efbffe4131701fcc4d871c20
270m-r16-bf16,0,0.0,9872,142.31290518638573,201.0,0,17511,1e69b03d9229a709d2e30297b2d43f873c1bb962215f1cb53c18ed6db2342acf
270m-r16-fp8,0,0.0,9872,142.30054700162074,201.0,0,19693,228b02b7379eaac28beeac24832aca751f42650a4b776d1e2e722fab11a6d0fd
270m-r16-nvfp4,0,0.0,9872,132.00050648298216,205.0,0,130898,4f323dc23ee55c30ea28ab3accd2a8daf4974ceb44e4e9c26fefb1f404292cae
270m-r32-bf16,0,0.0,9872,140.00091166936792,197.0,0,12111,dd1cedc40db0e377c936c0ada176d78e4aebd82e5bcef31986ea1e704ae9a18b
270m-r32-fp8,0,0.0,9872,140.12905186385737,197.0,0,12509,6a1bcb7945bef5a8581d66db65d869775e8c36c773b5d8942b0005a01716b6e0
270m-r32-nvfp4,0,0.0,9872,140.31999594813615,205.0,0,50167,8de7a00a178b077d897bfcbe1c758721bdd69d2d3e4c49a5d16d3937fce37968
e2b-base-bf16,540,0.0547001620745543,9332,51.408630470016206,512.0,0,313325,fae5ed6f8ab1760ed1c61ace17c404a2f726487b24fb85565c8af2c07a5506d5
e2b-base-fp8,3373,0.3416734197730956,6499,198.49493517017828,512.0,0,314557,41da5016cf0fecc7f0232f0331f51db31101c46c6c6f6d637a3e62e60b97c387
e2b-base-nvfp4,1299,0.1315842787682334,8573,81.68952593192869,512.0,0,315933,bf8b35d3e02e998c97820a3e8b7dcc24f1c1a82b6436e29633760be7cadf93b8
e2b-r16-bf16,0,0.0,9872,142.9496555915721,203.0,0,4664,b7acd4b88a1f3a123a0c3ff840781205466c9cf1729311065c5fd410c94d7f86
e2b-r16-fp8,0,0.0,9872,142.97660048622367,203.0,0,4938,cf3836afb3076534a85108491bd4195625ffbff76a174046a4ca95ca961ede3f
e2b-r16-nvfp4,0,0.0,9872,140.09440842787683,203.0,0,18557,05d98214b82a21a56e66f4559c35f321a8e39a08aa6b0c0d9af67c09fa4d57bf
e2b-r32-bf16,0,0.0,9872,142.91653160453808,203.0,0,3595,ec7139cc1771682038b3304ded19d5b704c1992827908b253d1a6fbaeb99dea5
e2b-r32-fp8,0,0.0,9872,142.95998784440843,203.0,0,3787,43a21fc9891e7f163e9ce6fbce0cd86582761971cc8ab1dcf802fbbf2fc324d6
e2b-r32-nvfp4,0,0.0,9872,142.97072528363046,203.0,0,9192,7825b8097cc2d2653674a4631cf4abbbb83a51cffc2b54ad1160e4ee789a83f5
e4b-base-bf16,1194,0.1209481361426256,8678,75.52188006482982,512.0,0,315968,f522784b253b70766ec070d9578c7f409b240be20fdf6dd2895aeed2549738b3
e4b-base-fp8,1652,0.1673419773095624,8220,99.48824959481361,512.0,0,316400,0c2077fc5e0ec672e1cbf864ea36af684dfbde1e2309c25d7927d171c0e4e25c
e4b-base-nvfp4,3007,0.30459886547811993,6865,166.57262965964344,512.0,0,316343,197a8dadeabf785aa9368af3b59e0bb058fc09ae0d3804eefddee2dae67a815a
e4b-r16-bf16,0,0.0,9872,142.1892220421394,203.0,0,3808,39b36152b0f02e312687c918958777387dec394c5e31f6c631fc6028fad53788
e4b-r16-fp8,0,0.0,9872,142.16815235008104,203.0,0,3962,ab3a82acc63d275c95fbc32823d24e3b567f13c52156a0cbfcd3d14e27a74c0d
e4b-r16-nvfp4,1,0.0001012965964343598,9871,141.34207860615882,199.0,0,9691,5edf6ace21cbf38409cb82a6c5a6253b84efa32af2639a9ff2e8f04288aedc9b
e4b-r32-bf16,0,0.0,9872,140.9561385737439,199.0,0,3504,bb8f13194fab5a3625a6a3f19b825d2a40e943aaab667e27f01d0f56d457a90a
e4b-r32-fp8,0,0.0,9872,141.02714748784442,199.0,0,3461,fae37117f21263f25b781661fafeec94ab86a97848a2627b8b014c1a74fa9b5e
e4b-r32-nvfp4,0,0.0,9872,141.4265599675851,199.0,0,4706,d1166df290f3edce7dec84db95f3faece01e265f659a9ce2e5e04dff952b8409
