model,size,variant,quantization,mode,concurrency,output_tps,output_tps_min,output_tps_max,request_rps,p50_ttft_ms,p95_ttft_ms,p50_e2e_ms,p95_e2e_ms,p95_e2e_min,p95_e2e_max
270m-r32-bf16,270m,r32,bf16,fixed_tokens,1,1001.5075274578746,997.9852690565494,1007.1084893281238,7.824277558264645,4.744720000076086,5.865867350041753,127.57695450000028,128.78829400005998,128.32239949995028,129.40874449991497
270m-r32-bf16,270m,r32,bf16,fixed_tokens,8,6839.815256773567,6812.247993132764,6850.170672583548,53.43605669354349,10.363534000134678,12.174908499935093,149.2422590000615,151.27750000003743,151.12290934997645,153.09062434993166
270m-r32-bf16,270m,r32,bf16,fixed_tokens,32,21836.98533044301,21537.26743312718,22589.458093873,170.60144789408608,20.47251400006189,31.586730499952864,182.8053370001044,196.7637310000896,194.5961244999808,200.8639124999263
270m-r32-bf16,270m,r32,bf16,fixed_tokens,128,39470.01005596671,38960.44871812312,39753.77452523154,308.35945356223993,68.57169699992482,130.5427330000498,405.33981800001584,460.48177500001657,456.6882429998486,470.80282449991273
270m-r32-bf16,270m,r32,bf16,fixed_tokens,256,45803.1180597735,44896.86657241957,45918.646577207466,357.83685984198047,144.1316939999524,252.26142349995368,719.5175549999249,810.9242755000764,801.694085500128,847.4675184998887
270m-r32-fp8,270m,r32,fp8,fixed_tokens,1,884.0197913306291,881.7503004070252,884.1269587842404,6.90640461977054,4.935610000188717,6.038750999960029,144.50990400007413,146.3840054999082,146.2250315000574,146.48404650004068
270m-r32-fp8,270m,r32,fp8,fixed_tokens,8,6190.376438521757,6188.223913231966,6200.646755613958,48.36231592595123,10.492891000012603,11.95388650012319,164.72297450002316,167.7004770000508,167.2584864999294,167.7476635001085
270m-r32-fp8,270m,r32,fp8,fixed_tokens,32,20956.63896226966,20721.569178364847,21196.95751830161,163.7237418927317,19.85942499982229,32.10090250013309,193.55210599997008,201.55168599990247,198.64741949993456,204.16179099999
270m-r32-fp8,270m,r32,fp8,fixed_tokens,128,39427.116299563,39408.2676395181,39539.60679383428,308.02434609033594,69.77223049989334,124.83516099989627,405.66062800007785,458.0380584999375,454.3239525001354,467.3313444999849
270m-r32-fp8,270m,r32,fp8,fixed_tokens,256,43909.99677856941,43242.189337568285,45286.716187183454,343.0468498325735,154.68705599994337,289.7777864998371,757.8926559999672,855.1832590000231,837.4502390000089,874.0503984999918
270m-r32-nvfp4,270m,r32,nvfp4,fixed_tokens,1,885.0299226677538,884.8590005828008,886.6607563479012,6.9142962708418265,4.977665000069464,6.358046500031377,144.38723500006745,145.60974550001902,145.15200265018393,145.66685714996763
270m-r32-nvfp4,270m,r32,nvfp4,fixed_tokens,8,6497.341258135421,6494.459549761717,6517.544625078034,50.76047857918298,10.795229999985168,12.842133000026475,156.52199500004826,160.6131778499048,159.95189999973718,163.81324000001314
270m-r32-nvfp4,270m,r32,nvfp4,fixed_tokens,32,20567.979351704336,20077.44453908087,20642.88819254827,160.68733868519013,20.49207499999284,31.542101500122044,197.8542594999908,206.5318915000489,203.41589175006905,216.6773715000545
270m-r32-nvfp4,270m,r32,nvfp4,fixed_tokens,128,38761.31010755373,37130.0120163637,39459.99383783471,302.82273521526355,70.99907399970107,120.72252299990396,424.1062085000067,457.4833665002416,453.3019475000174,466.5381239999761
270m-r32-nvfp4,270m,r32,nvfp4,fixed_tokens,256,45487.7845487442,45483.87778142965,45878.220651872514,355.3733167870641,151.88494499989247,249.4365550000793,723.7962280000829,812.3984255003506,793.5005600000068,819.6782545000815
e2b-r32-bf16,e2b,r32,bf16,fixed_tokens,1,208.56899768568525,208.5418001766029,208.60784174276776,1.629445294419416,9.370339999804855,10.321993000229668,613.4836780001933,614.4504916501091,614.3150430000333,615.0333534998481
e2b-r32-bf16,e2b,r32,bf16,fixed_tokens,8,1572.5823643372953,1571.634682941635,1572.8070042926256,12.28579972138512,16.710825000018303,20.51082900013625,650.9424430000763,653.7133365002546,653.5341074999451,657.0549830002392
e2b-r32-bf16,e2b,r32,bf16,fixed_tokens,32,5097.034772255713,5009.156879566747,5099.964674822449,39.82058415824776,26.630694499999663,40.47496250007043,798.573321500271,813.8046184999439,810.9031569997569,832.579689499994
e2b-r32-bf16,e2b,r32,bf16,fixed_tokens,128,16264.109103478306,15220.136376055396,16269.752367139976,127.06335237092426,69.40305000011904,146.99615250010538,982.725671000253,1060.4104655001263,1055.897637499902,1135.3936040001372
e2b-r32-bf16,e2b,r32,bf16,fixed_tokens,256,23668.831650753684,21578.94263163331,23775.847517678296,184.91274727151315,153.372114999911,260.8271225000408,1369.3303740001284,1451.0812950001082,1444.9386135002442,1647.8027919999477
e2b-r32-fp8,e2b,r32,fp8,fixed_tokens,1,249.46018680360825,248.7691719770133,249.5679969746864,1.9489077094031888,7.958215000144264,9.57124049991762,512.730803499835,514.1647879996071,514.0655695000078,518.1499953503135
e2b-r32-fp8,e2b,r32,fp8,fixed_tokens,8,1903.2056177547,1901.94709072904,1924.5976223933133,14.868793888708591,14.11610999957702,18.743261000508937,537.7396479998424,540.9035134995975,534.3584910002392,542.2101759998895
e2b-r32-fp8,e2b,r32,fp8,fixed_tokens,32,6516.655486075543,6438.362708810178,6543.814783779837,50.91137098496518,25.54967000014585,41.94077500005733,624.8749629999111,640.6789914997262,633.7378795001314,646.6019719998712
e2b-r32-fp8,e2b,r32,fp8,fixed_tokens,128,19240.64400403818,18436.119554373126,19313.849639930915,150.31753128154827,75.17152000036731,138.32401899985598,828.5482159999447,903.6221654998826,884.3091324999932,929.7745504998602
e2b-r32-fp8,e2b,r32,fp8,fixed_tokens,256,27930.34295038353,26291.371565888167,28232.214944395244,218.2058042998713,153.48088900009316,249.6715125003448,1163.182870000128,1232.5674235004954,1222.093127499602,1359.7155959998872
e2b-r32-nvfp4,e2b,r32,nvfp4,fixed_tokens,1,256.2772704913967,255.8910717448116,256.2878387217488,2.0021661757140365,7.831335000446415,9.589626500246595,498.9891870004613,502.0558194999012,501.82348615003326,503.0057371499424
e2b-r32-nvfp4,e2b,r32,nvfp4,fixed_tokens,8,1949.2312594002456,1948.113792891436,1957.49467460996,15.228369214064418,16.609445000085543,18.343587999561343,524.7546084997339,526.920235000307,526.5685945001678,528.3099929993568
e2b-r32-nvfp4,e2b,r32,nvfp4,fixed_tokens,32,6525.785953035736,6347.569745849521,6533.669383908196,50.98270275809168,25.1212499997564,54.62927399958062,623.8976124996043,648.4917630002656,646.6288395004085,667.1158969998032
e2b-r32-nvfp4,e2b,r32,nvfp4,fixed_tokens,128,19779.751107215165,19167.03955765478,20021.750282093024,154.52930552511847,114.1738199999054,156.6944969996257,808.1572309997682,870.8342225004799,853.0401935001464,873.1345874999988
e2b-r32-nvfp4,e2b,r32,nvfp4,fixed_tokens,256,29722.311906261977,28545.61723594397,30072.835500384936,232.2055617676717,192.0526240000981,286.40428700050506,1082.301599999937,1168.536093000148,1148.7921774998997,1213.0694504997782
e4b-r32-bf16,e4b,r32,bf16,fixed_tokens,1,119.97215601349932,119.89234167688367,119.974421743262,0.9372824688554636,13.31086999971376,14.17905149969556,1066.6861354998218,1067.6362934997542,1067.5950901499164,1068.5182280004483
e4b-r32-bf16,e4b,r32,bf16,fixed_tokens,8,906.9559742116736,905.835210263704,907.3417205540296,7.0855935485287,28.01985999985845,29.26961149987619,1128.775576999942,1131.7153985002733,1131.518782150124,1132.434562799972
e4b-r32-bf16,e4b,r32,bf16,fixed_tokens,32,3171.37953695086,3109.100444493045,3178.298878499764,24.776402632428592,41.62607000034768,57.87417999977151,1289.2019519999849,1302.6718770001935,1300.3564919999917,1341.711153500455
e4b-r32-bf16,e4b,r32,bf16,fixed_tokens,128,10008.0033591774,9255.289052717091,10046.204192486675,78.18752624357344,95.74204999989888,182.0676750001894,1614.266580999811,1685.5783805000556,1681.8526689497503,1908.60853000022
e4b-r32-bf16,e4b,r32,bf16,fixed_tokens,256,14595.643799509822,13112.238645190157,14680.514582339894,114.02846718367049,214.0272889996595,373.5648115000004,2237.200090999977,2342.415019999362,2302.919144500084,2791.838753499951
e4b-r32-fp8,e4b,r32,fp8,fixed_tokens,1,163.6504609166055,163.5413804290939,163.70131779303858,1.2785192259109806,10.572659501121962,11.730220999106676,781.9223679998686,782.9739426498236,782.8897187000621,783.4641630000988
e4b-r32-fp8,e4b,r32,fp8,fixed_tokens,8,1260.2238627010186,1259.8606707734912,1260.6198017946333,9.845498927351708,20.05511499919521,24.76313500010292,812.6284629997826,816.0906870000872,815.8071571993787,817.9286379992845
e4b-r32-fp8,e4b,r32,fp8,fixed_tokens,32,4513.018127268554,4408.210339595646,4517.266195572528,35.25795411928558,37.828794999768434,50.874682500307244,905.9091489998536,912.9559580001114,910.0886130008804,950.0481405002574
e4b-r32-fp8,e4b,r32,fp8,fixed_tokens,128,13326.218094811446,12495.786497387826,13328.101313297975,104.11107886571442,73.66840499980754,163.4029399996507,1211.8000010004837,1277.0035679996,1276.763834999838,1386.1146464496414
e4b-r32-fp8,e4b,r32,fp8,fixed_tokens,256,17221.946155555255,15832.70263246519,17299.661770851366,134.54645434027543,172.8078740006822,309.7043108510661,1902.5921504999133,1980.1304136511133,1950.993661500252,2255.754143499508
e4b-r32-nvfp4,e4b,r32,nvfp4,fixed_tokens,1,186.79566573558265,186.72943400589693,186.8795035318789,1.4593411385592394,9.53817000026902,10.94009150046986,684.9475839990191,686.1779620004199,686.0453114998563,686.6023170005064
e4b-r32-nvfp4,e4b,r32,nvfp4,fixed_tokens,8,1426.8040451019333,1421.49797751683,1428.0224439152248,11.146906602358854,17.464284999732627,21.183061500505573,715.462701999968,723.8819249995686,723.4750268507014,726.0436725004183
e4b-r32-nvfp4,e4b,r32,nvfp4,fixed_tokens,32,4990.518683853664,4890.703228277981,5032.027013766594,38.98842721760675,28.545234499688377,60.87213725095353,813.7535420000859,837.2076487507911,835.8228710008007,859.9862062505963
e4b-r32-nvfp4,e4b,r32,nvfp4,fixed_tokens,128,14658.512080804589,14121.74919151053,14825.509358305571,114.51962563128583,111.76599900045404,177.7492894997522,1089.381346000664,1160.8330559999558,1143.5804594995716,1234.6411825009454
e4b-r32-nvfp4,e4b,r32,nvfp4,fixed_tokens,256,20241.551137145056,18859.856240763525,20275.227012048108,158.13711825894575,205.2198390001649,304.4181459997162,1614.580548000049,1695.0653145006072,1664.5428595006706,1869.9030674993992
270m-r32-bf16,270m,r32,bf16,natural_fen,1,1000.6538664118104,1000.6114801697988,1003.222688902259,6.592118454976285,4.51587500003825,5.499616499986359,152.04625800004123,196.4280430000201,195.99496149992885,196.71320420002863
270m-r32-bf16,270m,r32,bf16,natural_fen,8,6478.551288996622,6468.4524017705935,6504.666518723795,42.64615916644729,6.619394500035014,9.97325149996298,184.23433650002607,243.25263399999807,235.106450499984,243.3731191500441
270m-r32-bf16,270m,r32,bf16,natural_fen,32,19550.83975416201,19284.281472284067,19768.601418216163,137.3193310213311,9.264185000120053,30.304209999940213,230.58961749995888,301.81688549998853,297.8266919998305,307.4760055000638
270m-r32-bf16,270m,r32,bf16,natural_fen,128,33947.07755351488,33531.61105684425,34313.992794558486,253.4398324205252,26.27801499988891,109.87309150011696,467.410634000089,664.9783464999587,648.0927930000007,673.3427349500062
270m-r32-bf16,270m,r32,bf16,natural_fen,256,43158.35791298524,42192.71948466905,43648.94183691672,303.6627009138355,132.89714649988582,211.27323949999663,795.7606439999836,1094.037796999953,1064.5668845001182,1135.0011715000503
270m-r32-fp8,270m,r32,fp8,natural_fen,1,884.6986651326936,883.7960277863257,885.4858212839073,5.827274694436514,4.695169999990867,5.795593999914672,171.75890400005756,222.2029725000311,221.6560078500606,222.91560699991348
270m-r32-fp8,270m,r32,fp8,natural_fen,8,5949.689386194628,5933.816077731264,5967.63839448462,39.20551581838651,5.814334999968196,10.7769509999798,199.9927240000261,257.13348785013744,256.7345550000141,257.2946370000068
270m-r32-fp8,270m,r32,fp8,natural_fen,32,18652.644096918848,18476.897677537185,18823.77160305772,130.80968904260425,9.215625000024374,30.0393090000739,238.91224349995355,315.8824252499812,311.4068355000086,317.2445480000192
270m-r32-fp8,270m,r32,fp8,natural_fen,128,33539.19257479641,32739.684888751184,34575.108328211136,249.75371746895925,26.82434500002273,115.48312449995136,474.0088065000237,666.0333510000896,641.1641930499059,678.1552000000261
270m-r32-fp8,270m,r32,fp8,natural_fen,256,42645.7176514358,42128.53321343395,43155.18984669498,299.6357570969752,123.8631940000232,211.48880884986733,811.5796639999644,1110.6281400000396,1080.4684034999354,1119.067814999914
270m-r32-nvfp4,270m,r32,nvfp4,natural_fen,1,888.1194318705257,887.0752598728512,889.3539859571094,5.845595067590234,4.744990000290272,5.925650000040148,171.80404549981176,234.73543800005243,234.5665631500196,234.75324085020472
270m-r32-nvfp4,270m,r32,nvfp4,natural_fen,8,6203.25628630408,6199.447770034535,6215.25216221382,41.004792638242215,6.054029999859267,10.793624000098111,191.32819049991667,255.7669033499224,244.2801583498294,260.43999035025536
270m-r32-nvfp4,270m,r32,nvfp4,natural_fen,32,18584.618532348966,18173.65127730169,18619.913526065,130.28036139369848,9.334595000154875,29.30771249975805,235.417590499992,329.1371600003004,319.8742582499108,332.7348459997665
270m-r32-nvfp4,270m,r32,nvfp4,natural_fen,128,33126.79450052372,30397.92981989289,33228.444219788806,245.9244690910008,33.92463999989559,106.89383150022422,467.65233099995385,669.6415844997546,665.9584195000889,674.0489845000866
270m-r32-nvfp4,270m,r32,nvfp4,natural_fen,256,41791.11470679946,39316.17382106919,42891.17702179652,290.677354334017,129.75518999974156,226.81045850024475,822.8472270000111,1166.3750416502123,1136.2364189998966,1252.5271990002686
e2b-r32-bf16,e2b,r32,bf16,natural_fen,1,206.9372479342446,205.82035644973016,206.94174015749192,1.342114295479495,14.71515499997622,15.164264849772737,748.8092830001278,972.675708349925,972.401736449933,985.8756591500876
e2b-r32-bf16,e2b,r32,bf16,natural_fen,8,1530.8898418955962,1521.821959956522,1531.6588876214291,9.92674264248411,15.521204500146268,16.723042999819878,786.9868195000436,1022.670387500102,1021.8446086498489,1029.847056700214
e2b-r32-bf16,e2b,r32,bf16,natural_fen,32,4819.55807222153,4785.022047215643,4835.438108426557,33.28136778400711,18.596159999788146,36.40773999995872,930.1623955002468,1237.2546550001289,1233.1612394999638,1250.8529032498927
e2b-r32-bf16,e2b,r32,bf16,natural_fen,128,14570.72545581853,13984.500535723071,14587.49293057928,107.13153301997656,28.152189499905944,113.62238450019504,1044.883454499768,1434.839100500017,1433.8588715500916,1493.0812690500943
e2b-r32-bf16,e2b,r32,bf16,natural_fen,256,23418.47464021817,21830.822890816293,23442.3675699829,162.02176930695236,40.44858400015983,211.77085800031816,1410.4157719998511,1921.887577999837,1921.440120999955,2096.0182376499
e2b-r32-fp8,e2b,r32,fp8,natural_fen,1,247.4196794611827,245.4501893915156,247.57869160882308,1.6066212952024852,12.227019999500044,12.336921500263998,625.955194499511,802.8364728500492,802.803400799894,814.6422400002846
e2b-r32-fp8,e2b,r32,fp8,natural_fen,8,1858.4007325618272,1857.477871456124,1873.50095735822,12.065088951507096,12.74707499987926,14.96575200030746,649.6545149998383,832.5975203497819,825.4354115006208,832.808238650523
e2b-r32-fp8,e2b,r32,fp8,natural_fen,32,6127.379135446799,6114.006171969644,6138.915717545849,42.28056761925554,14.951305000522552,38.23812150062622,727.822353999727,966.4168979998068,963.9295154997852,970.9999280003104
e2b-r32-fp8,e2b,r32,fp8,natural_fen,128,17478.75221182257,16358.932824079937,17487.605425624766,128.46120137306437,24.846209999850544,110.99568050012748,874.6598484999595,1205.5097885004216,1203.3127154997146,1278.093633950175
e2b-r32-fp8,e2b,r32,fp8,natural_fen,256,24832.792660827057,23661.43125126765,24992.304687030137,171.78473984264295,41.935744500278815,209.9374193498533,1355.2391690004697,1849.08184450046,1834.861672500301,1973.4696535001603
e2b-r32-nvfp4,e2b,r32,nvfp4,natural_fen,1,254.3830880001338,253.3109745618288,254.46520740181413,1.6592455801068655,11.896365000211516,12.027936349841184,601.0501479995582,780.5888076498377,780.4412161502569,794.3066373495185
e2b-r32-nvfp4,e2b,r32,nvfp4,natural_fen,8,1892.67552916432,1886.8134404635664,1894.5116536025955,12.28262359222434,12.490824999986216,14.866875000370763,633.75553700007,806.3302299996393,802.4149021498033,810.0395438505528
e2b-r32-nvfp4,e2b,r32,nvfp4,natural_fen,32,6202.908570918275,6127.634014334649,6210.50085296889,42.88187016830391,14.554530000168596,34.49126499981503,717.1632519998639,958.5518445001072,941.35913575019,960.7532232503218
e2b-r32-nvfp4,e2b,r32,nvfp4,natural_fen,128,18596.56050950988,17968.714449390987,18866.215363410785,136.69622679055124,23.723679999875458,127.47959550033556,810.4678355002761,1135.0109014997088,1119.0255120499387,1167.4877249502968
e2b-r32-nvfp4,e2b,r32,nvfp4,natural_fen,256,29988.278836404992,23790.705182712914,30128.41756930395,207.38557950509693,41.21506499996031,243.24132299952905,1093.080054999973,1510.2349673502424,1502.3035680000248,2097.950193649831
e4b-r32-bf16,e4b,r32,bf16,natural_fen,1,118.75303143773922,118.5931126350368,118.75354563226584,0.7764807940350745,25.5081400000563,25.993660150425058,1304.6356145000573,1672.4339110000074,1672.204650350477,1673.0804251998509
e4b-r32-bf16,e4b,r32,bf16,natural_fen,8,880.0046957611687,879.8244343696524,880.1819849053715,5.755191143338934,26.610450000134733,27.1534010000778,1361.809624500438,1751.7032058004131,1750.2098316501815,1752.6027683996742
e4b-r32-bf16,e4b,r32,bf16,natural_fen,32,3013.5974177456096,2984.6035100242243,3013.9808203448006,20.97327476464974,29.45452499989188,47.70463250042667,1461.091281500103,1970.8511922499383,1969.810392499994,1991.5820812498168
e4b-r32-bf16,e4b,r32,bf16,natural_fen,128,8890.917936222531,8560.536486024303,8913.967121187832,66.09196212535478,36.17394999946555,152.56416899997018,1705.8630149999772,2349.823172949982,2341.3459505000446,2423.937911550001
e4b-r32-bf16,e4b,r32,bf16,natural_fen,256,13949.213500299102,12905.439911855688,13967.980622770918,97.79338110477178,50.826455000333226,243.97298400008367,2325.944973999867,3209.771851150026,3198.882273000162,3584.975598000256
e4b-r32-fp8,e4b,r32,fp8,natural_fen,1,162.10133126506068,161.7645784975618,162.10351537771103,1.0601354180424978,18.58613500007777,18.741308000153367,955.4210084997976,1225.2782559998195,1225.2462614995238,1225.714045200766
e4b-r32-fp8,e4b,r32,fp8,natural_fen,8,1228.0594084664904,1227.5183373597044,1228.83546088843,8.039416044926432,19.182324999746925,19.666807000885456,982.917776999784,1258.7826456499895,1258.5693115003778,1259.2152821494892
e4b-r32-fp8,e4b,r32,fp8,natural_fen,32,4271.804133083507,4218.074226612652,4274.1143436712855,29.75894900591536,21.043275000920403,42.96165249934347,1029.5194524987892,1373.6968214998342,1370.0955297495057,1403.6264434994337
e4b-r32-fp8,e4b,r32,fp8,natural_fen,128,11745.761389472387,10966.372774050667,11749.355401612196,87.10141114955482,33.75888499977009,133.678679500008,1295.2773779989002,1792.5940349497066,1790.4549034995396,1900.9339125503168
e4b-r32-fp8,e4b,r32,fp8,natural_fen,256,15591.382752066957,14890.31371888784,15613.098961177,108.97408972968414,49.6505849996538,229.33375899974635,2151.3044954999714,2972.252275999472,2971.3226884994583,3175.151213000298
e4b-r32-nvfp4,e4b,r32,nvfp4,natural_fen,1,185.10913479132537,184.1937573474628,185.11540469416155,1.2093696025566376,16.272235000542423,16.419970999959332,836.7857629991704,1073.045660000389,1072.977677849849,1073.6985795008875
e4b-r32-nvfp4,e4b,r32,nvfp4,natural_fen,8,1373.498580396402,1373.362998038663,1382.7160059558066,8.984455145683743,17.079244998967624,18.138078500123807,867.9680880004526,1123.4404773488675,1111.8798669998796,1125.1234151501194
e4b-r32-nvfp4,e4b,r32,nvfp4,natural_fen,32,4789.5827332839,4745.433898196108,4799.004143334733,33.47164172637799,18.456609500390183,37.57706975011388,914.6476675005032,1232.6040769999054,1225.4135827492971,1232.77193174863
e4b-r32-nvfp4,e4b,r32,nvfp4,natural_fen,128,13130.127174044215,12473.90314421619,13157.6945034029,97.58775277422248,31.15328999956546,141.72816400041484,1162.2804124999675,1605.8505395501925,1596.0250929496397,1650.2037149501118
e4b-r32-nvfp4,e4b,r32,nvfp4,natural_fen,256,19362.28535573072,16624.807843043003,19484.304134254573,135.35622750046593,46.91026949967636,241.54231350121336,1714.3850759994166,2332.0859603503777,2324.339479349237,2962.172940499204
