model,legal_moves_bucket,samples,f1,exact
270m-base-bf16,1-10,870,0.00032840722495894916,0.0
270m-base-bf16,11-20,815,0.0019688897875361636,0.0
270m-base-bf16,21-30,1767,0.005560317524846053,0.0
270m-base-bf16,31-40,3873,0.00991555697486149,0.0
270m-base-bf16,41+,2547,0.011966937927002276,0.0
270m-base-fp8,1-10,870,0.002564115322736013,0.0
270m-base-fp8,11-20,815,0.0033526766348852236,0.0
270m-base-fp8,21-30,1767,0.006126366115572962,0.0
270m-base-fp8,31-40,3873,0.005587604336851854,0.0
270m-base-fp8,41+,2547,0.005539309167578275,0.0
270m-base-nvfp4,1-10,870,0.0,0.0
270m-base-nvfp4,11-20,815,0.0014814357242513524,0.0
270m-base-nvfp4,21-30,1767,0.00023865495003016224,0.0
270m-base-nvfp4,31-40,3873,0.0004266095803971576,0.0
270m-base-nvfp4,41+,2547,0.0005665063419776104,0.0
270m-r16-bf16,1-10,870,0.4802315970600753,0.02528735632183908
270m-r16-bf16,11-20,815,0.8381257742497382,0.04539877300613497
270m-r16-bf16,21-30,1767,0.8932936230285125,0.07017543859649122
270m-r16-bf16,31-40,3873,0.9200575672864415,0.06919700490575781
270m-r16-bf16,41+,2547,0.9425438565293887,0.08441303494307027
270m-r16-fp8,1-10,870,0.4748751981655793,0.021839080459770115
270m-r16-fp8,11-20,815,0.830400364786819,0.03558282208588957
270m-r16-fp8,21-30,1767,0.8846125372069502,0.055461233729485006
270m-r16-fp8,31-40,3873,0.9122572606912691,0.05809450038729667
270m-r16-fp8,41+,2547,0.9386495449060143,0.0800942285041225
270m-r16-nvfp4,1-10,870,0.3233875025866115,0.0022988505747126436
270m-r16-nvfp4,11-20,815,0.5475670849048642,0.001226993865030675
270m-r16-nvfp4,21-30,1767,0.5767835077291438,0.0
270m-r16-nvfp4,31-40,3873,0.5871195662133915,0.0
270m-r16-nvfp4,41+,2547,0.6171327883072449,0.0
270m-r32-bf16,1-10,870,0.509265875769996,0.04367816091954023
270m-r32-bf16,11-20,815,0.8856209055428699,0.09938650306748466
270m-r32-bf16,21-30,1767,0.9196073848463276,0.1143180531975099
270m-r32-bf16,31-40,3873,0.9446156682901408,0.1329718564420346
270m-r32-bf16,41+,2547,0.9606811674364886,0.17157440125638004
270m-r32-fp8,1-10,870,0.5055694333179802,0.04252873563218391
270m-r32-fp8,11-20,815,0.8854267521111596,0.09325153374233129
270m-r32-fp8,21-30,1767,0.9195151092291427,0.11035653650254669
270m-r32-fp8,31-40,3873,0.9420731498046312,0.12109475858507616
270m-r32-fp8,41+,2547,0.9599067049786683,0.15586965056929722
270m-r32-nvfp4,1-10,870,0.4342734481149031,0.01839080459770115
270m-r32-nvfp4,11-20,815,0.759544104651825,0.018404907975460124
270m-r32-nvfp4,21-30,1767,0.8025679949656997,0.013582342954159592
270m-r32-nvfp4,31-40,3873,0.8228472104370508,0.006971340046475601
270m-r32-nvfp4,41+,2547,0.851950521923658,0.004711425206124852
e2b-base-bf16,1-10,870,0.005803404768922011,0.0
e2b-base-bf16,11-20,815,0.013090874158874131,0.0
e2b-base-bf16,21-30,1767,0.020594381075322965,0.0
e2b-base-bf16,31-40,3873,0.025800414600265352,0.0
e2b-base-bf16,41+,2547,0.02839479008825072,0.0
e2b-base-fp8,1-10,870,0.00459261045467942,0.0
e2b-base-fp8,11-20,815,0.009528280482281014,0.0
e2b-base-fp8,21-30,1767,0.012406451107104477,0.0
e2b-base-fp8,31-40,3873,0.01874357733056333,0.0
e2b-base-fp8,41+,2547,0.021014867926175,0.0
e2b-base-nvfp4,1-10,870,0.0016266109369557646,0.0
e2b-base-nvfp4,11-20,815,0.003858122952519229,0.0
e2b-base-nvfp4,21-30,1767,0.007019839666580401,0.0
e2b-base-nvfp4,31-40,3873,0.010513871758850305,0.0
e2b-base-nvfp4,41+,2547,0.01177277775164349,0.0
e2b-r16-bf16,1-10,870,0.5590679740172033,0.18160919540229886
e2b-r16-bf16,11-20,815,0.9444860355665183,0.3239263803680982
e2b-r16-bf16,21-30,1767,0.9632105594722391,0.3310696095076401
e2b-r16-bf16,31-40,3873,0.9775318786080749,0.40304673379808936
e2b-r16-bf16,41+,2547,0.9866370695413982,0.48331370239497445
e2b-r16-fp8,1-10,870,0.556917783487906,0.1781609195402299
e2b-r16-fp8,11-20,815,0.9398770955441531,0.3141104294478528
e2b-r16-fp8,21-30,1767,0.9618532378600915,0.3152235427277872
e2b-r16-fp8,31-40,3873,0.976301478813308,0.3932352181771237
e2b-r16-fp8,41+,2547,0.9864032052018369,0.4731056144483706
e2b-r16-nvfp4,1-10,870,0.5223536176021758,0.10229885057471265
e2b-r16-nvfp4,11-20,815,0.8926822574764427,0.16441717791411042
e2b-r16-nvfp4,21-30,1767,0.922679620140714,0.155631013016412
e2b-r16-nvfp4,31-40,3873,0.9405806936086454,0.16498838109992253
e2b-r16-nvfp4,41+,2547,0.9566853005216008,0.2021986650961916
e2b-r32-bf16,1-10,870,0.5632565469495022,0.20689655172413793
e2b-r32-bf16,11-20,815,0.953033544093164,0.3791411042944785
e2b-r32-bf16,21-30,1767,0.9687707579359611,0.37973967176004525
e2b-r32-bf16,31-40,3873,0.9811180471966735,0.4322230828814872
e2b-r32-bf16,41+,2547,0.9892947140374235,0.5319984295249313
e2b-r32-fp8,1-10,870,0.5631613667540576,0.20344827586206896
e2b-r32-fp8,11-20,815,0.9521268178561064,0.3717791411042945
e2b-r32-fp8,21-30,1767,0.9677012973493593,0.3684210526315789
e2b-r32-fp8,31-40,3873,0.9803663366490412,0.4273173250710044
e2b-r32-fp8,41+,2547,0.9887515662944216,0.5237534354142128
e2b-r32-nvfp4,1-10,870,0.5423110839694532,0.15747126436781608
e2b-r32-nvfp4,11-20,815,0.9276265674777397,0.252760736196319
e2b-r32-nvfp4,21-30,1767,0.9503370503264555,0.25410299943406905
e2b-r32-nvfp4,31-40,3873,0.9625827598041343,0.2819519752130132
e2b-r32-nvfp4,41+,2547,0.9743436031925492,0.35846093443266586
e4b-base-bf16,1-10,870,0.007673916122191983,0.0
e4b-base-bf16,11-20,815,0.007912093268280719,0.0
e4b-base-bf16,21-30,1767,0.010507792630251768,0.0
e4b-base-bf16,31-40,3873,0.00967874169086189,0.0
e4b-base-bf16,41+,2547,0.008690748951325204,0.0
e4b-base-fp8,1-10,870,0.006855095734406079,0.0
e4b-base-fp8,11-20,815,0.00676725249784402,0.0
e4b-base-fp8,21-30,1767,0.00687112686647786,0.0
e4b-base-fp8,31-40,3873,0.007413947033219173,0.0
e4b-base-fp8,41+,2547,0.006759987437474333,0.0
e4b-base-nvfp4,1-10,870,0.002905943332594413,0.0
e4b-base-nvfp4,11-20,815,0.006627593234188842,0.0
e4b-base-nvfp4,21-30,1767,0.007017767900756005,0.0
e4b-base-nvfp4,31-40,3873,0.007443307999212898,0.0
e4b-base-nvfp4,41+,2547,0.008411335259729475,0.0
e4b-r16-bf16,1-10,870,0.5714734400624607,0.22528735632183908
e4b-r16-bf16,11-20,815,0.958509555959893,0.41595092024539876
e4b-r16-bf16,21-30,1767,0.9703419292169354,0.4204867006225241
e4b-r16-bf16,31-40,3873,0.9829028942131551,0.4949651432997676
e4b-r16-bf16,41+,2547,0.9898210691807199,0.5948174322732627
e4b-r16-fp8,1-10,870,0.5690584453824209,0.21264367816091953
e4b-r16-fp8,11-20,815,0.9583052350050287,0.40613496932515336
e4b-r16-fp8,21-30,1767,0.9698162828144925,0.41709111488398415
e4b-r16-fp8,31-40,3873,0.9823547644313676,0.48876839659178933
e4b-r16-fp8,41+,2547,0.989612346188718,0.5842167255594818
e4b-r16-nvfp4,1-10,870,0.5511738251466481,0.16551724137931034
e4b-r16-nvfp4,11-20,815,0.9406006280106697,0.2907975460122699
e4b-r16-nvfp4,21-30,1767,0.9529550094383122,0.2812676853423882
e4b-r16-nvfp4,31-40,3873,0.9666703005660785,0.3013168086754454
e4b-r16-nvfp4,41+,2547,0.9777189035630216,0.3718099725166863
e4b-r32-bf16,1-10,870,0.6006582431225237,0.28045977011494255
e4b-r32-bf16,11-20,815,0.9667420530819271,0.5190184049079755
e4b-r32-bf16,21-30,1767,0.9742363044223425,0.4946236559139785
e4b-r32-bf16,31-40,3873,0.9866514064049065,0.5879163439194423
e4b-r32-bf16,41+,2547,0.9921304225778619,0.6776599921476246
e4b-r32-fp8,1-10,870,0.5966657044524312,0.27586206896551724
e4b-r32-fp8,11-20,815,0.9654437877635789,0.5153374233128835
e4b-r32-fp8,21-30,1767,0.9754618069754989,0.4917940011318619
e4b-r32-fp8,31-40,3873,0.9866479297757145,0.5892073328169378
e4b-r32-fp8,41+,2547,0.9920888103640334,0.6756968983117393
e4b-r32-nvfp4,1-10,870,0.5817561817999783,0.24367816091954023
e4b-r32-nvfp4,11-20,815,0.9595569701918357,0.4441717791411043
e4b-r32-nvfp4,21-30,1767,0.9691824355400609,0.4267119411431805
e4b-r32-nvfp4,31-40,3873,0.9812257605166228,0.48205525432481283
e4b-r32-nvfp4,41+,2547,0.9891893580366419,0.5893207695327837
