model,size,model_label,variant,quantization,samples,macro_precision,macro_recall,macro_f1,micro_precision,micro_recall,micro_f1,set_exact_rate,ordered_exact_rate,strict_format_rate,empty_output_rate,end_of_turn_observed_rate,predicted_moves,expected_moves,correct_moves,illegal_moves,illegal_move_rate,check_f1,non_check_f1,check_exact,non_check_exact,check_illegal_share,artifact_gib,checkpoint_content_sha256,evaluation_contract_sha256
270m-base-bf16,270m,Gemma 3 270M,base,bf16,9872,0.07394229470556456,0.0043521587742899985,0.008164321676729395,0.12231678843112148,0.0051120946367076096,0.009814023054493812,0.0,0.0,0.0,0.009623176661264181,0.7208265802269044,13277,317678,1624,11653,0.8776832115688785,0.0,0.00855516225375996,0.0,0.0,0.04668325753024972,0.5304920952767134,ac7f3dd66200824a7c404b63286c4a3eea0465c3f67e930db2d73b02bd7f712b,1d60b4ee5c89f8bdce31ef5be359d56fd0ebcd03e7a32a2995cd5039fda3f239
270m-base-fp8,270m,Gemma 3 270M,base,fp8,9872,0.03810854697706399,0.0028760549390677405,0.005220615150007932,0.10058047493403693,0.002999892973388148,0.00582602024129383,0.0,0.0,0.0,0.06189222042139384,0.9852106969205835,9475,317678,953,8522,0.899419525065963,0.0,0.005470535268111486,0.0,0.0,0.05597277634358132,0.43735547363758087,68bde50b208ff22018f2e854b8eac00012243d5875d9d428aaa664a20ef40096,6928d822d3c5a80783403749a67076b1ff0711c311ff9ce05bbd06ddf06af54e
270m-base-nvfp4,270m,Gemma 3 270M,base,nvfp4,9872,0.0030625337655321447,0.0002676575873504803,0.00047854780894077326,0.09808612440191387,0.00025812300505543347,0.0005148910251982644,0.0,0.0,0.0002025931928687196,0.19428687196110211,0.8147285251215559,836,317678,82,754,0.9019138755980861,0.0,0.0005014567423695269,0.0,0.0,0.046419098143236075,0.3962921630591154,65c25fb3eb789c5ba12df7b9c6d6574aea1f7f8bbee7bcd8c973c9d9e9502b30,6b73f31b6134d82333e8dfbddbdf92637987caf7d36804148dac938caae58f81
270m-r16-bf16,270m,Gemma 3 270M,r16,bf16,9872,0.8493184966446212,0.9350124632043215,0.8755435563237363,0.861284148850395,0.9448781470545646,0.9011466715901942,0.06746353322528363,0.06746353322528363,0.9980753646677472,0.0,1.0,348511,317678,300167,48344,0.13871585114960502,0.2141172372348301,0.9072072087925928,0.0,0.07069313236386796,0.2657827238126758,0.5304920952767134,be3292a891d3063000a7e206ba6111837f771ea704667c89111b0c7794139f57,1dea93ca7b76be757dfdd20a2eaf915f73b37f9f7805ac446d695c40617fdda1
270m-r16-fp8,270m,Gemma 3 270M,r16,fp8,9872,0.8434702855433551,0.927567013076971,0.8688149143519951,0.8551876341679008,0.9380095568468702,0.8946859584280358,0.05824554294975689,0.05824554294975689,0.9973662884927067,0.0,1.0,348444,317678,297985,50459,0.14481236583209928,0.20881157537605252,0.9004104462358874,0.0,0.061033860524360474,0.25593055748231236,0.43735547363758087,572dc62e15933673612e0975e2b0ec4bb53561a0d44943e119bd191078f3b2b2,b484c00c45a4ac7df14a8549ce76f007c1f55a178415bd7150870ef2a67c73d8
270m-r16-nvfp4,270m,Gemma 3 270M,r16,nvfp4,9872,0.5828721006905019,0.5854799425596912,0.5665054752196345,0.5847674924626419,0.5879538400518765,0.586356337517482,0.00030388978930307944,0.00030388978930307944,0.8077390599675851,0.0,1.0,319409,317678,186780,132629,0.4152325075373581,0.14129573493657016,0.5868610205829358,0.0,0.00031843753317057635,0.08921879830203047,0.3962921630591154,65b50610e64d4cf6e656817c6d5829f7ee2cec2deaa7292961d9fe58d6613d74,8dcebce0c83ec638a0788784e9a539b7f96afa992ee13eb0b3348d98b9115a76
270m-r32-bf16,270m,Gemma 3 270M,r32,bf16,9872,0.8801161846993492,0.9519052672532464,0.9010474083984247,0.891167275230107,0.9618764912899225,0.9251728073973374,0.12895056726094004,0.12895056726094004,0.9991896272285251,0.0,1.0,342884,317678,305567,37317,0.10883272476989303,0.2222183624482972,0.9335441603062378,0.0,0.13512365990871458,0.33202025886325265,0.5304920952767134,4d5fe70cab083b0b8b4a345534ab48123f89880ab950eb7c255eb9cfe2e6bf9f,a21bbdd72c039b82d2fea5b268a39ea986f8bb8f979aa5def802aff5cb3d8225
270m-r32-fp8,270m,Gemma 3 270M,r32,fp8,9872,0.878228232603027,0.9507053912867722,0.899491804572441,0.8892026084372104,0.9606236503629462,0.9235343606628817,0.11892220421393841,0.11892220421393841,0.9990883306320908,0.0,1.0,343194,317678,305169,38025,0.11079739156278956,0.22028707074525786,0.9320065413260827,0.0,0.12461522131408555,0.32707429322813936,0.43735547363758087,ed69fd9dcd8acc9eea2734a125cd84d88917fa2a98341c1d74e010960de254c4,ff084cc105eb35395304b62268cbd4b7542a8c838024bae583e45a4fcef183b4
270m-r32-nvfp4,270m,Gemma 3 270M,r32,nvfp4,9872,0.7760671084455145,0.8305817445089534,0.7872557959499441,0.782731459536642,0.8420822342120008,0.8113228719951959,0.009521880064829822,0.009521880064829822,0.9036669367909238,0.0,1.0,341766,317678,267511,74255,0.21726854046335797,0.1873999132542737,0.8159719622906454,0.0022172949002217295,0.009871563528287868,0.17084371422799813,0.3962921630591154,5eabc66e8aafdd8d3edb520edc6d6ad08e12071577e1f815f328865862023d86,ac716117fd9635abbe3a01a0131dbd0c54dba476735f0ad299074ab5d3ffa42c
e2b-base-bf16,e2b,Gemma 4 E2B,base,bf16,9872,0.14723291464073474,0.012454568572773824,0.022726380880281862,0.15996031308565758,0.013702554158613439,0.025242757856830132,0.0,0.0,0.0,0.0,0.9190640194489466,27213,317678,4353,22860,0.8400396869143424,0.0,0.023814333090982118,0.0,0.0,0.05227471566054243,9.537906377576292,43be2e2c1b469d9d1545cea186e74f6b35c264ca21d4e8418851f5e76522c5f2,8f41eda6655154190af167a9b41977c571857da374c289caf0c6ab0d704cd023
e2b-base-fp8,e2b,Gemma 4 E2B,base,fp8,9872,0.10615039168017286,0.008863025849344421,0.016187405024728853,0.17137052492861848,0.009824413399731804,0.01858346482479383,0.0,0.0,0.0,0.0,0.602208265802269,18212,317678,3121,15091,0.8286294750713815,0.0,0.016962324849179835,0.0,0.0,0.04843946723212511,7.791826108470559,c44f569022fbfe4d967fd1551a3af262b2e561d94c35e25fb27363c8251b1b21,e5cff653940639894bdd64ee5253eaf5ef6adf83684cffd88ea35d672bea323c
e2b-base-nvfp4,e2b,Gemma 4 E2B,base,nvfp4,9872,0.05799503485889223,0.004859133152243943,0.008880578268614816,0.14750633981403213,0.005492983461240627,0.010591548611869818,0.0,0.0,0.0014181523500810373,0.01073743922204214,0.3734805510534846,11830,317678,1745,10085,0.8524936601859678,0.0,0.0093057073206417,0.0,0.0,0.05195835399107585,7.025177444331348,998771d90e34f71bc14ef9bc15212f453cddb3356bd9881a7c59ff715413693b,220d07c5134e21d794d5ed4ceb6818e8ebfabf2e9ded517dbc9622d9db96d652
e2b-r16-bf16,e2b,Gemma 4 E2B,r16,bf16,9872,0.9257592302784788,0.9761096990867242,0.9377110916673562,0.9334506307219753,0.9853184671270909,0.958683507705878,0.3848257698541329,0.3848257698541329,0.9966572123176661,0.0,1.0,335330,317678,313014,22316,0.06654936927802463,0.23064476724495311,0.9715596122399603,0.0022172949002217295,0.4031419169939497,0.539926510127263,9.537906377576292,8d6a33c7ee825b032d50319c455bd0718e51b241bb010ce9965bd54926206abc,519ae4d2c6816c8ef6c8ad78d0b31d55089c9c579960f8aaf4cf892b46b68400
e2b-r16-fp8,e2b,Gemma 4 E2B,r16,fp8,9872,0.9247394083041052,0.9745229472537731,0.9363551019950127,0.9324194187956721,0.9844559585492227,0.9577313825918525,0.37439222042139386,0.37439222042139386,0.997163695299838,0.0,1.0,335407,317678,312740,22667,0.06758058120432787,0.23017827794903997,0.9701610406050046,0.0022172949002217295,0.3922088950217599,0.5322274672431287,7.791826108470559,e25b80cc5ae870ec61eb90529e3009c224b5a427a582a3d45d9fe9a7b67de28b,dfb3fe0b2734a285210aa2ea8a12623ec0f1f2fc099aa32da6288ece70b1fa3f
e2b-r16-nvfp4,e2b,Gemma 4 E2B,r16,nvfp4,9872,0.9019484327941083,0.9272985301588595,0.900719718671053,0.9119792921147226,0.9415855048193453,0.9265459546609794,0.1673419773095624,0.1673419773095624,0.9809562398703403,0.0,1.0,327991,317678,299121,28870,0.08802070788527734,0.2144019243442695,0.9335749702623257,0.0,0.17535293493259738,0.4032213370280568,7.025177444331348,6c3902818d987d129b10ed3868dccbec2db50f1de1e8c578da9472e27b1cb2fd,2d0e9657ae88e936569d9b5d77982824a7b52e8bd5effe6fb90a3cc192dc8777
e2b-r32-bf16,e2b,Gemma 4 E2B,r32,bf16,9872,0.9305560812569026,0.9794132847268298,0.9418737132294239,0.9368816052833318,0.9886835097173868,0.9620857653529294,0.4243314424635332,0.4243314424635332,0.997163695299838,0.0,1.0,335243,317678,314083,21160,0.0631183947166682,0.23469233129334602,0.9757277418095291,0.0,0.4446449421505148,0.5681001890359169,9.537906377576292,6b3a2c8f26ae3c1a80b1ae414e3cccd2c2e339708b09cad11d052689a1e4eaf5,3f02d2b234b6f5bd76ea5a60ef2baf889372de8ee084c859fc4584256510d72a
e2b-r32-fp8,e2b,Gemma 4 E2B,r32,fp8,9872,0.929675250445168,0.9789732550912577,0.9411639991125106,0.9360910888372634,0.9880791241445741,0.9613827892538885,0.4173419773095624,0.4173419773095624,0.9964546191247974,0.0,1.0,335321,317678,313891,21430,0.0639089111627366,0.23468797399762478,0.9749842610089984,0.0,0.4373208788875915,0.5618292113859076,7.791826108470559,1183395e0ebd932b9f3994182be2b663eee96b930dcc75f960fd78a7076811c1,96e3c08d489f1006cf865454104af5801b0c40ca8358cda30090a0f34f28c584
e2b-r32-nvfp4,e2b,Gemma 4 E2B,r32,nvfp4,9872,0.9134528440812958,0.9599171593178529,0.9235016257625065,0.919980436481191,0.9710650407015909,0.9448327401699246,0.2833265802269044,0.2833265802269044,0.9931118314424635,0.0,0.9998987034035657,335318,317678,308486,26832,0.08001956351880901,0.22306238236445464,0.957032896197972,0.0,0.2968899267593674,0.45039505068574837,7.025177444331348,e59127f0d8e13cb80f79caf244d522bb4d2681aef7a44e7846c44bb85171e35d,622fbb00b1c5d612a095719458e63f00441b07da80d5f37d59c06b9c62cd990d
e4b-base-bf16,e4b,Gemma 4 E4B,base,bf16,9872,0.051875453978862444,0.005366180101756647,0.00924969983441492,0.08781840591618735,0.005382809007863308,0.010143852884472785,0.0,0.0,0.0,0.0001012965964343598,0.0002025931928687196,19472,317678,1710,17762,0.9121815940838126,0.004323343569463303,0.00948553325714002,0.0,0.0,0.04177457493525504,14.821890288032591,9c89356cce96548eb9233c53531b4e43d955ad4069196c36f37489f03d7242d2,15c7ef9ec092b98d4c5cd21a9fbd6286abff57ceff429c357dde06fb1a7ca27c
e4b-base-fp8,e4b,Gemma 4 E4B,base,fp8,9872,0.04196760753222943,0.004120261604097191,0.007045424443947279,0.06501170007121783,0.004022941469034683,0.007577015201460858,0.0,0.0,0.0002025931928687196,0.0001012965964343598,0.00030388978930307944,19658,317678,1278,18380,0.9349882999287822,0.005345424469592985,0.007126806461613532,0.0,0.0,0.0426550598476605,11.12451497465372,8f3989f70f67f0ed15d9f530b8de95391bc191784f38f084d225983b617e600e,c1509088d3376fd68a8510797e507975961ac240dab75d4337ed7d82faae8105
e4b-base-nvfp4,e4b,Gemma 4 E4B,base,nvfp4,9872,0.04276561214603449,0.003996198789137538,0.007149681711237787,0.13330004992511232,0.0042023684359634595,0.008147870110133569,0.0,0.0,0.07313614262560778,0.04933144246353322,0.2523298217179903,10015,317678,1335,8680,0.8666999500748876,0.0,0.00749194967130235,0.0,0.0,0.05011520737327189,9.503434144891798,556556d3ed9daf2af731121d4372171e22f14d0e03fbbcfa2048fa6bc0d9f841,cef6f38492e328d4206c082ca947984eacd24ba528c29f3358955d00f8d437e6
e4b-r16-bf16,e4b,Gemma 4 E4B,r16,bf16,9872,0.935058838098977,0.9773561879684804,0.9441671943252453,0.9411732955908458,0.9880130194725477,0.9640245344505087,0.4771069692058347,0.4771069692058347,0.9992909238249594,0.0,1.0,333488,317678,313870,19618,0.058826704409154155,0.2394523091409081,0.9779031473257906,0.013303769401330377,0.4993100520114638,0.5931797328983587,14.821890288032591,326bc6ad5803982614101026487713f62705616de160cf8fe92879cd9307b936,ae18f85bcb41f60f18e116b6031f281e981d7eca74560594ecc2bfcecffa140b
e4b-r16-fp8,e4b,Gemma 4 E4B,r16,fp8,9872,0.9346419948894309,0.976660875799419,0.9435745172336268,0.9408525722923002,0.9875282518776874,0.9636255290915905,0.46940842787682335,0.469307131280389,0.9994935170178282,0.0,1.0,333438,317678,313716,19722,0.05914742770769978,0.2414816624748639,0.9771849489814458,0.013303769401330377,0.49124296783780913,0.5884798701957206,11.12451497465372,0fe90fd8f6930c9a8b8c6009d1099678bc176a1a718feaae263a324c68f33086,e9643e7ee6e8c92a4c675891649b271efdc9c079fdd06ccb0d857795d6dc5ca7
e4b-r16-nvfp4,e4b,Gemma 4 E4B,r16,nvfp4,9872,0.9233057452698982,0.9578338544180384,0.9282968357831458,0.9298619036405026,0.9694942677805829,0.9492645971003059,0.30307941653160453,0.30277552674230146,0.9961507293354943,0.0,0.9998987034035657,331218,317678,307987,23231,0.07013809635949737,0.22780188444947594,0.9618307730564168,0.0022172949002217295,0.3174822205710646,0.5088028926864965,9.503434144891798,29866f4255969333dec1a80bbfa36391d233c67f63d944905eb308ecdcba5a50,b1f6bd5959000e8dcd7c972aae7b91dfb9fb9f7db25f088f38515216e8501ccf
e4b-r32-bf16,e4b,Gemma 4 E4B,r32,bf16,9872,0.9435367856990993,0.9782086963929634,0.9501823417751886,0.9508236412114168,0.9889699632961678,0.9695217257803952,0.5615883306320908,0.5615883306320908,0.9982779578606159,0.0,0.9998987034035657,330423,317678,314174,16249,0.04917635878858312,0.2835611832213764,0.9820946804343299,0.024390243902439025,0.587304957010933,0.6354852606314235,14.821890288032591,9690e65f5e95cb2ed0729a0f3ff11a73667363379b4591cc4d2f848039016a9d,fe7085e5c8f0a87156b2612ac0996dc8655bcf25314379a9d003d4a2ca5ab0a8
e4b-r32-fp8,e4b,Gemma 4 E4B,r32,fp8,9872,0.9430616280844054,0.9783515347923402,0.9499305606609778,0.9504417711985143,0.9891053204817457,0.9693881800891284,0.5603727714748784,0.5603727714748784,0.9981766612641815,0.0,1.0,330601,317678,314217,16384,0.049558228801485776,0.27714877560583273,0.9821378194509016,0.019955654101995565,0.5862434985670311,0.636962890625,11.12451497465372,0e232cfc7ed0cde08ec0001925da0f04206b717e93a2b9837947a556f3a02d3a,6a5a78d135e20a78b720834bc45a08114e28cee7e8d2db987b1c82370b5b88a6
e4b-r32-nvfp4,e4b,Gemma 4 E4B,r32,nvfp4,9872,0.9369924826818009,0.9740601245696414,0.9441313652625428,0.9439377488237423,0.9851862577830381,0.964121015713806,0.47568881685575365,0.47548622366288495,0.9964546191247974,0.0,1.0,331560,317678,312972,18588,0.05606225117625769,0.25560184813327824,0.9770924959519915,0.015521064301552107,0.4977178643456109,0.5904884871960404,9.503434144891798,288ef47e0f3696d27caaf4dea32c0eaeb86ab9bc763bf096a16ecce28ad8c2d8,41eedb29e0cfac5d836370571958d41b623b2809aca57aae71d60be2b75eddf1
