model,size,variant,quantization,mode,concurrency,output_tps,output_tps_min,output_tps_max,request_rps,p50_ttft_ms,p95_ttft_ms,p50_e2e_ms,p95_e2e_ms,p95_e2e_min,p95_e2e_max,model_label,samples,macro_precision,macro_recall,macro_f1,micro_precision,micro_recall,micro_f1,set_exact_rate,ordered_exact_rate,strict_format_rate,empty_output_rate,end_of_turn_observed_rate,predicted_moves,expected_moves,correct_moves,illegal_moves,illegal_move_rate,check_f1,non_check_f1,check_exact,non_check_exact,check_illegal_share,artifact_gib,checkpoint_content_sha256,evaluation_contract_sha256
270m-r32-bf16,270m,r32,bf16,fixed_tokens,256,45803.1180597735,44896.86657241957,45918.646577207466,357.83685984198047,144.1316939999524,252.26142349995368,719.5175549999249,810.9242755000764,801.694085500128,847.4675184998887,Gemma 3 270M,9872,0.8801161846993492,0.9519052672532464,0.9010474083984247,0.891167275230107,0.9618764912899225,0.9251728073973374,0.12895056726094004,0.12895056726094004,0.9991896272285251,0.0,1.0,342884,317678,305567,37317,0.10883272476989303,0.2222183624482972,0.9335441603062378,0.0,0.13512365990871458,0.33202025886325265,0.5304920952767134,4d5fe70cab083b0b8b4a345534ab48123f89880ab950eb7c255eb9cfe2e6bf9f,a21bbdd72c039b82d2fea5b268a39ea986f8bb8f979aa5def802aff5cb3d8225
270m-r32-fp8,270m,r32,fp8,fixed_tokens,256,43909.99677856941,43242.189337568285,45286.716187183454,343.0468498325735,154.68705599994337,289.7777864998371,757.8926559999672,855.1832590000231,837.4502390000089,874.0503984999918,Gemma 3 270M,9872,0.878228232603027,0.9507053912867722,0.899491804572441,0.8892026084372104,0.9606236503629462,0.9235343606628817,0.11892220421393841,0.11892220421393841,0.9990883306320908,0.0,1.0,343194,317678,305169,38025,0.11079739156278956,0.22028707074525786,0.9320065413260827,0.0,0.12461522131408555,0.32707429322813936,0.43735547363758087,ed69fd9dcd8acc9eea2734a125cd84d88917fa2a98341c1d74e010960de254c4,ff084cc105eb35395304b62268cbd4b7542a8c838024bae583e45a4fcef183b4
270m-r32-nvfp4,270m,r32,nvfp4,fixed_tokens,256,45487.7845487442,45483.87778142965,45878.220651872514,355.3733167870641,151.88494499989247,249.4365550000793,723.7962280000829,812.3984255003506,793.5005600000068,819.6782545000815,Gemma 3 270M,9872,0.7760671084455145,0.8305817445089534,0.7872557959499441,0.782731459536642,0.8420822342120008,0.8113228719951959,0.009521880064829822,0.009521880064829822,0.9036669367909238,0.0,1.0,341766,317678,267511,74255,0.21726854046335797,0.1873999132542737,0.8159719622906454,0.0022172949002217295,0.009871563528287868,0.17084371422799813,0.3962921630591154,5eabc66e8aafdd8d3edb520edc6d6ad08e12071577e1f815f328865862023d86,ac716117fd9635abbe3a01a0131dbd0c54dba476735f0ad299074ab5d3ffa42c
e2b-r32-bf16,e2b,r32,bf16,fixed_tokens,256,23668.831650753684,21578.94263163331,23775.847517678296,184.91274727151315,153.372114999911,260.8271225000408,1369.3303740001284,1451.0812950001082,1444.9386135002442,1647.8027919999477,Gemma 4 E2B,9872,0.9305560812569026,0.9794132847268298,0.9418737132294239,0.9368816052833318,0.9886835097173868,0.9620857653529294,0.4243314424635332,0.4243314424635332,0.997163695299838,0.0,1.0,335243,317678,314083,21160,0.0631183947166682,0.23469233129334602,0.9757277418095291,0.0,0.4446449421505148,0.5681001890359169,9.537906377576292,6b3a2c8f26ae3c1a80b1ae414e3cccd2c2e339708b09cad11d052689a1e4eaf5,3f02d2b234b6f5bd76ea5a60ef2baf889372de8ee084c859fc4584256510d72a
e2b-r32-fp8,e2b,r32,fp8,fixed_tokens,256,27930.34295038353,26291.371565888167,28232.214944395244,218.2058042998713,153.48088900009316,249.6715125003448,1163.182870000128,1232.5674235004954,1222.093127499602,1359.7155959998872,Gemma 4 E2B,9872,0.929675250445168,0.9789732550912577,0.9411639991125106,0.9360910888372634,0.9880791241445741,0.9613827892538885,0.4173419773095624,0.4173419773095624,0.9964546191247974,0.0,1.0,335321,317678,313891,21430,0.0639089111627366,0.23468797399762478,0.9749842610089984,0.0,0.4373208788875915,0.5618292113859076,7.791826108470559,1183395e0ebd932b9f3994182be2b663eee96b930dcc75f960fd78a7076811c1,96e3c08d489f1006cf865454104af5801b0c40ca8358cda30090a0f34f28c584
e2b-r32-nvfp4,e2b,r32,nvfp4,fixed_tokens,256,29722.311906261977,28545.61723594397,30072.835500384936,232.2055617676717,192.0526240000981,286.40428700050506,1082.301599999937,1168.536093000148,1148.7921774998997,1213.0694504997782,Gemma 4 E2B,9872,0.9134528440812958,0.9599171593178529,0.9235016257625065,0.919980436481191,0.9710650407015909,0.9448327401699246,0.2833265802269044,0.2833265802269044,0.9931118314424635,0.0,0.9998987034035657,335318,317678,308486,26832,0.08001956351880901,0.22306238236445464,0.957032896197972,0.0,0.2968899267593674,0.45039505068574837,7.025177444331348,e59127f0d8e13cb80f79caf244d522bb4d2681aef7a44e7846c44bb85171e35d,622fbb00b1c5d612a095719458e63f00441b07da80d5f37d59c06b9c62cd990d
e4b-r32-bf16,e4b,r32,bf16,fixed_tokens,256,14595.643799509822,13112.238645190157,14680.514582339894,114.02846718367049,214.0272889996595,373.5648115000004,2237.200090999977,2342.415019999362,2302.919144500084,2791.838753499951,Gemma 4 E4B,9872,0.9435367856990993,0.9782086963929634,0.9501823417751886,0.9508236412114168,0.9889699632961678,0.9695217257803952,0.5615883306320908,0.5615883306320908,0.9982779578606159,0.0,0.9998987034035657,330423,317678,314174,16249,0.04917635878858312,0.2835611832213764,0.9820946804343299,0.024390243902439025,0.587304957010933,0.6354852606314235,14.821890288032591,9690e65f5e95cb2ed0729a0f3ff11a73667363379b4591cc4d2f848039016a9d,fe7085e5c8f0a87156b2612ac0996dc8655bcf25314379a9d003d4a2ca5ab0a8
e4b-r32-fp8,e4b,r32,fp8,fixed_tokens,256,17221.946155555255,15832.70263246519,17299.661770851366,134.54645434027543,172.8078740006822,309.7043108510661,1902.5921504999133,1980.1304136511133,1950.993661500252,2255.754143499508,Gemma 4 E4B,9872,0.9430616280844054,0.9783515347923402,0.9499305606609778,0.9504417711985143,0.9891053204817457,0.9693881800891284,0.5603727714748784,0.5603727714748784,0.9981766612641815,0.0,1.0,330601,317678,314217,16384,0.049558228801485776,0.27714877560583273,0.9821378194509016,0.019955654101995565,0.5862434985670311,0.636962890625,11.12451497465372,0e232cfc7ed0cde08ec0001925da0f04206b717e93a2b9837947a556f3a02d3a,6a5a78d135e20a78b720834bc45a08114e28cee7e8d2db987b1c82370b5b88a6
e4b-r32-nvfp4,e4b,r32,nvfp4,fixed_tokens,256,20241.551137145056,18859.856240763525,20275.227012048108,158.13711825894575,205.2198390001649,304.4181459997162,1614.580548000049,1695.0653145006072,1664.5428595006706,1869.9030674993992,Gemma 4 E4B,9872,0.9369924826818009,0.9740601245696414,0.9441313652625428,0.9439377488237423,0.9851862577830381,0.964121015713806,0.47568881685575365,0.47548622366288495,0.9964546191247974,0.0,1.0,331560,317678,312972,18588,0.05606225117625769,0.25560184813327824,0.9770924959519915,0.015521064301552107,0.4977178643456109,0.5904884871960404,9.503434144891798,288ef47e0f3696d27caaf4dea32c0eaeb86ab9bc763bf096a16ecce28ad8c2d8,41eedb29e0cfac5d836370571958d41b623b2809aca57aae71d60be2b75eddf1
270m-r32-bf16,270m,r32,bf16,natural_fen,256,43158.35791298524,42192.71948466905,43648.94183691672,303.6627009138355,132.89714649988582,211.27323949999663,795.7606439999836,1094.037796999953,1064.5668845001182,1135.0011715000503,Gemma 3 270M,9872,0.8801161846993492,0.9519052672532464,0.9010474083984247,0.891167275230107,0.9618764912899225,0.9251728073973374,0.12895056726094004,0.12895056726094004,0.9991896272285251,0.0,1.0,342884,317678,305567,37317,0.10883272476989303,0.2222183624482972,0.9335441603062378,0.0,0.13512365990871458,0.33202025886325265,0.5304920952767134,4d5fe70cab083b0b8b4a345534ab48123f89880ab950eb7c255eb9cfe2e6bf9f,a21bbdd72c039b82d2fea5b268a39ea986f8bb8f979aa5def802aff5cb3d8225
270m-r32-fp8,270m,r32,fp8,natural_fen,256,42645.7176514358,42128.53321343395,43155.18984669498,299.6357570969752,123.8631940000232,211.48880884986733,811.5796639999644,1110.6281400000396,1080.4684034999354,1119.067814999914,Gemma 3 270M,9872,0.878228232603027,0.9507053912867722,0.899491804572441,0.8892026084372104,0.9606236503629462,0.9235343606628817,0.11892220421393841,0.11892220421393841,0.9990883306320908,0.0,1.0,343194,317678,305169,38025,0.11079739156278956,0.22028707074525786,0.9320065413260827,0.0,0.12461522131408555,0.32707429322813936,0.43735547363758087,ed69fd9dcd8acc9eea2734a125cd84d88917fa2a98341c1d74e010960de254c4,ff084cc105eb35395304b62268cbd4b7542a8c838024bae583e45a4fcef183b4
270m-r32-nvfp4,270m,r32,nvfp4,natural_fen,256,41791.11470679946,39316.17382106919,42891.17702179652,290.677354334017,129.75518999974156,226.81045850024475,822.8472270000111,1166.3750416502123,1136.2364189998966,1252.5271990002686,Gemma 3 270M,9872,0.7760671084455145,0.8305817445089534,0.7872557959499441,0.782731459536642,0.8420822342120008,0.8113228719951959,0.009521880064829822,0.009521880064829822,0.9036669367909238,0.0,1.0,341766,317678,267511,74255,0.21726854046335797,0.1873999132542737,0.8159719622906454,0.0022172949002217295,0.009871563528287868,0.17084371422799813,0.3962921630591154,5eabc66e8aafdd8d3edb520edc6d6ad08e12071577e1f815f328865862023d86,ac716117fd9635abbe3a01a0131dbd0c54dba476735f0ad299074ab5d3ffa42c
e2b-r32-bf16,e2b,r32,bf16,natural_fen,256,23418.47464021817,21830.822890816293,23442.3675699829,162.02176930695236,40.44858400015983,211.77085800031816,1410.4157719998511,1921.887577999837,1921.440120999955,2096.0182376499,Gemma 4 E2B,9872,0.9305560812569026,0.9794132847268298,0.9418737132294239,0.9368816052833318,0.9886835097173868,0.9620857653529294,0.4243314424635332,0.4243314424635332,0.997163695299838,0.0,1.0,335243,317678,314083,21160,0.0631183947166682,0.23469233129334602,0.9757277418095291,0.0,0.4446449421505148,0.5681001890359169,9.537906377576292,6b3a2c8f26ae3c1a80b1ae414e3cccd2c2e339708b09cad11d052689a1e4eaf5,3f02d2b234b6f5bd76ea5a60ef2baf889372de8ee084c859fc4584256510d72a
e2b-r32-fp8,e2b,r32,fp8,natural_fen,256,24832.792660827057,23661.43125126765,24992.304687030137,171.78473984264295,41.935744500278815,209.9374193498533,1355.2391690004697,1849.08184450046,1834.861672500301,1973.4696535001603,Gemma 4 E2B,9872,0.929675250445168,0.9789732550912577,0.9411639991125106,0.9360910888372634,0.9880791241445741,0.9613827892538885,0.4173419773095624,0.4173419773095624,0.9964546191247974,0.0,1.0,335321,317678,313891,21430,0.0639089111627366,0.23468797399762478,0.9749842610089984,0.0,0.4373208788875915,0.5618292113859076,7.791826108470559,1183395e0ebd932b9f3994182be2b663eee96b930dcc75f960fd78a7076811c1,96e3c08d489f1006cf865454104af5801b0c40ca8358cda30090a0f34f28c584
e2b-r32-nvfp4,e2b,r32,nvfp4,natural_fen,256,29988.278836404992,23790.705182712914,30128.41756930395,207.38557950509693,41.21506499996031,243.24132299952905,1093.080054999973,1510.2349673502424,1502.3035680000248,2097.950193649831,Gemma 4 E2B,9872,0.9134528440812958,0.9599171593178529,0.9235016257625065,0.919980436481191,0.9710650407015909,0.9448327401699246,0.2833265802269044,0.2833265802269044,0.9931118314424635,0.0,0.9998987034035657,335318,317678,308486,26832,0.08001956351880901,0.22306238236445464,0.957032896197972,0.0,0.2968899267593674,0.45039505068574837,7.025177444331348,e59127f0d8e13cb80f79caf244d522bb4d2681aef7a44e7846c44bb85171e35d,622fbb00b1c5d612a095719458e63f00441b07da80d5f37d59c06b9c62cd990d
e4b-r32-bf16,e4b,r32,bf16,natural_fen,256,13949.213500299102,12905.439911855688,13967.980622770918,97.79338110477178,50.826455000333226,243.97298400008367,2325.944973999867,3209.771851150026,3198.882273000162,3584.975598000256,Gemma 4 E4B,9872,0.9435367856990993,0.9782086963929634,0.9501823417751886,0.9508236412114168,0.9889699632961678,0.9695217257803952,0.5615883306320908,0.5615883306320908,0.9982779578606159,0.0,0.9998987034035657,330423,317678,314174,16249,0.04917635878858312,0.2835611832213764,0.9820946804343299,0.024390243902439025,0.587304957010933,0.6354852606314235,14.821890288032591,9690e65f5e95cb2ed0729a0f3ff11a73667363379b4591cc4d2f848039016a9d,fe7085e5c8f0a87156b2612ac0996dc8655bcf25314379a9d003d4a2ca5ab0a8
e4b-r32-fp8,e4b,r32,fp8,natural_fen,256,15591.382752066957,14890.31371888784,15613.098961177,108.97408972968414,49.6505849996538,229.33375899974635,2151.3044954999714,2972.252275999472,2971.3226884994583,3175.151213000298,Gemma 4 E4B,9872,0.9430616280844054,0.9783515347923402,0.9499305606609778,0.9504417711985143,0.9891053204817457,0.9693881800891284,0.5603727714748784,0.5603727714748784,0.9981766612641815,0.0,1.0,330601,317678,314217,16384,0.049558228801485776,0.27714877560583273,0.9821378194509016,0.019955654101995565,0.5862434985670311,0.636962890625,11.12451497465372,0e232cfc7ed0cde08ec0001925da0f04206b717e93a2b9837947a556f3a02d3a,6a5a78d135e20a78b720834bc45a08114e28cee7e8d2db987b1c82370b5b88a6
e4b-r32-nvfp4,e4b,r32,nvfp4,natural_fen,256,19362.28535573072,16624.807843043003,19484.304134254573,135.35622750046593,46.91026949967636,241.54231350121336,1714.3850759994166,2332.0859603503777,2324.339479349237,2962.172940499204,Gemma 4 E4B,9872,0.9369924826818009,0.9740601245696414,0.9441313652625428,0.9439377488237423,0.9851862577830381,0.964121015713806,0.47568881685575365,0.47548622366288495,0.9964546191247974,0.0,1.0,331560,317678,312972,18588,0.05606225117625769,0.25560184813327824,0.9770924959519915,0.015521064301552107,0.4977178643456109,0.5904884871960404,9.503434144891798,288ef47e0f3696d27caaf4dea32c0eaeb86ab9bc763bf096a16ecce28ad8c2d8,41eedb29e0cfac5d836370571958d41b623b2809aca57aae71d60be2b75eddf1
